{"training_losses": [1.0786797678947448, 0.6925102819919586], "validation_losses": [0.7594820544833228, 0.6056909263134003], "training_accuracy": [58.806666666666665, 74.0], "test_accuracy": [71.14, 76.96], "current_epoch": 1, "current_batch": -1, "status": "Completed"}